"source_code"	"source_concept_id"	"source_vocabulary_id"	"source_code_description"	"target_concept_id"	"target_vocabulary_id"	"valid_start_date"	"valid_end_date"	"invalid_reason"
""	""	""	LAROPIPRANT	"36878706"	""	""	""	""
""	""	""	SMECTITE	"36878752"	""	""	""	""
""	""	""	CETOMACROGOL 1000	"42900336"	""	""	""	""
""	""	""	CASCARA	"900017"	""	""	""	""
""	""	""	INDOLE-3-CARBINOL	"40798895"	""	""	""	""
""	""	""	NIPRADILOL	"43009061"	""	""	""	""
""	""	""	AFLOQUALONE	"43009034"	""	""	""	""
""	""	""	IBUDILAST	"43009091"	""	""	""	""
""	""	""	MAGNESIUM ALGINATE	"36879028"	""	""	""	""
""	""	""	IPRAGLIFLOZIN	"43009020"	""	""	""	""
""	""	""	OTERACIL	"36878777"	""	""	""	""
""	""	""	ALMAGATE	"43008989"	""	""	""	""
""	""	""	PHENPROBAMATE	"40799042"	""	""	""	""
""	""	""	TETANUS IMMUNOGLOBULIN	"35604680"	""	""	""	""
""	""	""	ENOXOLONE	"42899194"	""	""	""	""
""	""	""	FLOMOXEF SODIUM	"43009087"	""	""	""	""
""	""	""	PROTEASE	"36879095"	""	""	""	""
""	""	""	METHYL AMINOLEVULINATE	"19025194"	""	""	""	""
""	""	""	TIPEPIDINE HIBENZATE	"35197845"	""	""	""	""
""	""	""	NARTOGRASTIM	"35198005"	""	""	""	""
""	""	""	MEBHYDROLIN	"19008999"	""	""	""	""
""	""	""	CEFTEZOLE SODIUM	"43008994"	""	""	""	""
""	""	""	PICLOXYDINE	"36879081"	""	""	""	""
""	""	""	PELUBIPROFEN	"43009024"	""	""	""	""
""	""	""	ADEMETIONINE	"1363981"	""	""	""	""
""	""	""	GIMERACIL	"36878778"	""	""	""	""
""	""	""	PIXANTRONE	"36879010"	""	""	""	""
""	""	""	L-PHENYLALANINE	"19035577"	""	""	""	""
""	""	""	INTERFERON GAMMA	"19122123"	""	""	""	""
""	""	""	FUCOIDAN	"40798836"	""	""	""	""
""	""	""	BIODIASTASE	"35198114"	""	""	""	""
""	""	""	DELAPRIL HYDROCHLORIDE	"36878917"	""	""	""	""
""	""	""	PRANOPROFEN	"36256128"	""	""	""	""
""	""	""	GOREISAN	"35198150"	""	""	""	""
""	""	""	BIXALOMER	"35198209"	""	""	""	""
""	""	""	ERGOLOID MESYLATES	"745268"	""	""	""	""
""	""	""	TEMOCAPRIL HYDROCHLORIDE	"43009010"	""	""	""	""
""	""	""	THROMBOMODULIN ALFA	"35197985"	""	""	""	""
""	""	""	PIROMIDIC ACID	"40799027"	""	""	""	""
""	""	""	TIQUIZIUM BROMIDE	"35198051"	""	""	""	""
""	""	""	SERATRODAST	"35197952"	""	""	""	""
""	""	""	DANTRON	"19086560"	""	""	""	""
""	""	""	MECLOZINE	"994341"	""	""	""	""
""	""	""	KETOBEMIDONE	"40798904"	""	""	""	""
""	""	""	LANDIOLOL HYDROCHLORIDE	"35197852"	""	""	""	""
""	""	""	BUCLOSAMIDE	"40798683"	""	""	""	""
""	""	""	MELPERONE HYDROCHLORIDE	"40684643"	""	""	""	""
""	""	""	TIARAMIDE HYDROCHLORIDE	"35198024"	""	""	""	""
""	""	""	PROPANEDIOL	"43012270"	""	""	""	""
""	""	""	ACETYLDIGOXIN	"19020949"	""	""	""	""
""	""	""	DROTAVERINE	"19056611"	""	""	""	""
""	""	""	BOSWELLIA SERRATA EXTRACT	"40161071"	""	""	""	""
""	""	""	NOREPINEPHRIN	"1321341"	""	""	""	""
""	""	""	DIMEMORFAN PHOSPHATE	"35197951"	""	""	""	""
""	""	""	ISTRADEFYLLINE	"35198194"	""	""	""	""
""	""	""	AMINOBENZOIC ACID	"19018384"	""	""	""	""
""	""	""	ZALTOPROFEN	"43009072"	""	""	""	""
""	""	""	OZAGREL HYDROCHLORIDE	"43009063"	""	""	""	""
""	""	""	DIPIVEFRINE	"990009"	""	""	""	""
""	""	""	NITROFURAL	"920378"	""	""	""	""
""	""	""	EPOETIN THETA	"36878928"	""	""	""	""
""	""	""	LUMIRACOXIB	"36878856"	""	""	""	""
""	""	""	OXOMEMAZINE	"36879152"	""	""	""	""
""	""	""	GLYCYRRHIZIN	"19068419"	""	""	""	""
""	""	""	HERBAL	"36444848"	""	""	""	""
""	""	""	TIMOLOLO	"902427"	""	""	""	""
""	""	""	NIFEKALANT HYDROCHLORIDE	"35198014"	""	""	""	""
""	""	""	CIPROCINONIDE	"44012618"	""	""	""	""
""	""	""	PIPOTIAZINE	"19133992"	""	""	""	""
""	""	""	OXITRIPTAN	"1363516"	""	""	""	""
""	""	""	PROTEOLYTIC ENZYMES	"19031713"	""	""	""	""
""	""	""	AZASETRON HYDROCHLORIDE	"35197941"	""	""	""	""
""	""	""	SUPLATAST TOSILATE	"35198141"	""	""	""	""
""	""	""	SODIUM FEREDETATE	"19001131"	""	""	""	""
""	""	""	SOFALCONE	"35198153"	""	""	""	""
""	""	""	LIPOIC ACID	"36878693"	""	""	""	""
""	""	""	ENOCITABINE	"43008999"	""	""	""	""
""	""	""	TRIGLYCERIDES	"36879001"	""	""	""	""
""	""	""	FLUDEOXYGLUCOSE (18F)	"43012202"	""	""	""	""
""	""	""	PROXYMETACAINE	"929504"	""	""	""	""
""	""	""	CEFMINOX SODIUM	"43008993"	""	""	""	""
""	""	""	IMIDAFENACIN	"43009092"	""	""	""	""
""	""	""	METOPROLOLO	"1307046"	""	""	""	""
""	""	""	TROXIPIDE	"43009102"	""	""	""	""
""	""	""	CHOLECALCIFEROLE	"19095164"	""	""	""	""
""	""	""	AMBAZONE	"44157639"	""	""	""	""
""	""	""	HEMOCOAGULASE	"43009090"	""	""	""	""
""	""	""	TIVOZANIB	"40684606"	""	""	""	""
""	""	""	TECELEUKIN	"35198216"	""	""	""	""
""	""	""	ALCLOFENAC	"40798610"	""	""	""	""
""	""	""	DIPHENCYPRONE	"36879137"	""	""	""	""
""	""	""	ALLERGENIC EXTRACTS	"44012481"	""	""	""	""
""	""	""	CEFCAPENE PIVOXIL HYDROCHLORIDE HYDRATE	"43009044"	""	""	""	""
""	""	""	MIFAMURTIDE	"36878942"	""	""	""	""
""	""	""	OXETACAINE	"36879092"	""	""	""	""
""	""	""	ECABET SODIUM	"43008997"	""	""	""	""
""	""	""	TENELIGLIPTIN	"43009070"	""	""	""	""
""	""	""	MINODRONIC ACID HYDRATE	"35197911"	""	""	""	""
""	""	""	FLUDIAZEPAM	"35198139"	""	""	""	""
""	""	""	POLIGLUSAM	"43013527"	""	""	""	""
""	""	""	XANTOFYL	"40799187"	""	""	""	""
""	""	""	PANIPENEM	"35197853"	""	""	""	""
""	""	""	HOMOCYSTEINE THIOLACTONE	"40798877"	""	""	""	""
""	""	""	CARBETOCIN	"36878844"	""	""	""	""
""	""	""	FUDOSTEINE	"35198128"	""	""	""	""
""	""	""	PAZUFLOXACIN MESILATE	"35198003"	""	""	""	""
""	""	""	OZAGREL SODIUM	"43009006"	""	""	""	""
""	""	""	PRONASE	"35198133"	""	""	""	""
""	""	""	IOMEPROL	"36878931"	""	""	""	""
""	""	""	PENTACHLOROPHENOL	"40799048"	""	""	""	""
""	""	""	CEFAPIRIN	"19086790"	""	""	""	""
""	""	""	PITOLISANT	"40799031"	""	""	""	""
""	""	""	CEFTOBIPROLE MEDOCARIL	"44012563"	""	""	""	""
""	""	""	SULODEXIDE	"43009029"	""	""	""	""
""	""	""	SILIBININ	"19024190"	""	""	""	""
""	""	""	RIMONABANT	"36878933"	""	""	""	""
""	""	""	TEBIPENEM PIVOXIL	"35198145"	""	""	""	""
""	""	""	METHYLCOBALAMIN	"19009025"	""	""	""	""
""	""	""	KERATIN	"40798909"	""	""	""	""
""	""	""	ACTARIT	"35197918"	""	""	""	""
""	""	""	BUCLADESINE SODIUM	"35197929"	""	""	""	""
""	""	""	FREEZE-DRIED SULFONATED HUMAN NORMAL IMMUNOGLOBULIN	"35198193"	""	""	""	""
""	""	""	DROTRECOGIN ALFA (ACTIVATED)	"1731597"	""	""	""	""
""	""	""	EVOCALCET	"35197887"	""	""	""	""
""	""	""	EVOGLIPTIN	"43009051"	""	""	""	""
""	""	""	AMRUBICIN HYDROCHLORIDE	"35198076"	""	""	""	""
""	""	""	MEXAZOLAM	"43009058"	""	""	""	""
""	""	""	AMMONIUM GLYCYRRHIZATE	"42898316"	""	""	""	""
""	""	""	LEVODROPROPIZINE	"19067412"	""	""	""	""
""	""	""	MITIGLINIDE CALCIUM HYDRATE	"43009094"	""	""	""	""
""	""	""	FLUTAZOLAM	"35197872"	""	""	""	""
""	""	""	NIMUSTINE HYDROCHLORIDE	"35197924"	""	""	""	""
""	""	""	ALLICIN	"40684631"	""	""	""	""
""	""	""	VANIPREVIR	"35198157"	""	""	""	""
""	""	""	PENTOXYVERINE	"1140640"	""	""	""	""
""	""	""	SITAXENTAN	"36878846"	""	""	""	""
""	""	""	ROKITAMYCIN	"35198144"	""	""	""	""
""	""	""	MONTEPLASE	"35198204"	""	""	""	""
""	""	""	MIGRENIN	"35197899"	""	""	""	""
""	""	""	SODIUM PERCHLORATE	"36878853"	""	""	""	""
""	""	""	METHYLMETHIONINE SULFONIUM CHLORIDE	"35198112"	""	""	""	""
""	""	""	SERUM	"40799093"	""	""	""	""
""	""	""	DILAZEP	"40798779"	""	""	""	""
""	""	""	METHYL ALCOHOL	"42899323"	""	""	""	""
""	""	""	CIDEFERRON	"35198090"	""	""	""	""
""	""	""	PRANLUKAST HYDRATE	"43009065"	""	""	""	""
""	""	""	TAKA-DIASTASE	"35198184"	""	""	""	""
""	""	""	STREPTOCOCCUS FAECALIS	"36879181"	""	""	""	""
""	""	""	SETIPTILINE MALEATE	"35198132"	""	""	""	""
""	""	""	ATALUREN	"36879015"	""	""	""	""
""	""	""	DAPOXETINE	"40684608"	""	""	""	""
""	""	""	NADIFLOXACIN	"36878831"	""	""	""	""
""	""	""	ELASTASE	"35198212"	""	""	""	""
""	""	""	PSYLLIUM HUSK	"19137031"	""	""	""	""
""	""	""	L-GLUTAMINE	"35197944"	""	""	""	""
""	""	""	EPERISONE HYDROCHLORIDE	"43009085"	""	""	""	""
""	""	""	BEVANTOLOL HYDROCHLORIDE	"43009042"	""	""	""	""
""	""	""	LEVOSULPIRIDE	"43009023"	""	""	""	""
""	""	""	CYANOCOBALAMIN	"1308738"	""	""	""	""
""	""	""	REBAMIPIDE	"43009008"	""	""	""	""
""	""	""	AMINOPHENAZONE	"19125628"	""	""	""	""
""	""	""	MAGNESIUM GLYCEROPHOSPHATE	"36879003"	""	""	""	""
""	""	""	INSULIN ASPART	"35198096"	""	""	""	""
""	""	""	FLUCLOXACILLIN	"19054936"	""	""	""	""
""	""	""	SARPOGRELATE HYDROCHLORIDE	"43009100"	""	""	""	""
""	""	""	RAMOSETRON HYDROCHLORIDE	"43009099"	""	""	""	""
""	""	""	ERYTHROPOIETIN	"43009086"	""	""	""	""
""	""	""	L-ALANINE	"35198116"	""	""	""	""
""	""	""	LEVOMEPROMAZINE	"19005147"	""	""	""	""
""	""	""	DOXOFYLLINE	"43009019"	""	""	""	""
""	""	""	ETIZOLAM	"43009000"	""	""	""	""
""	""	""	CAMOSTAT MESILATE	"43009043"	""	""	""	""
""	""	""	GABEXATE MESILATE	"43009088"	""	""	""	""
""	""	""	CONJUGATED ESTROGENS	"1549080"	""	""	""	""
""	""	""	BLONANSERIN	"43009080"	""	""	""	""
""	""	""	INDISETRON HYDROCHLORIDE	"35197999"	""	""	""	""
""	""	""	IRSOGLADINE MALEATE	"43009002"	""	""	""	""
""	""	""	PROTIONAMIDE	"19135812"	""	""	""	""
""	""	""	VOGLIBOSE	"43009032"	""	""	""	""
""	""	""	FLAXSEED OIL	"19090767"	""	""	""	""
""	""	""	TEPRENONE	"43012210"	""	""	""	""
""	""	""	LIMAPROST	"43009054"	""	""	""	""
""	""	""	CHERRY BARK EXTRACT	"35197930"	""	""	""	""
""	""	""	BARNIDIPINE	"19102106"	""	""	""	""
""	""	""	PIRITRAMIDE	"19134009"	""	""	""	""
""	""	""	IGURATIMOD	"35198049"	""	""	""	""
""	""	""	ALUM	"19115033"	""	""	""	""
""	""	""	UVA URSI	"1401574"	""	""	""	""
""	""	""	DIACEREIN	"19088915"	""	""	""	""
""	""	""	CEFOZOPRAN HYDROCHLORIDE	"35197975"	""	""	""	""
""	""	""	DELAMANID	"36879076"	""	""	""	""
""	""	""	BIAPENEM	"35198093"	""	""	""	""
""	""	""	NIMETAZEPAM	"35197946"	""	""	""	""
""	""	""	BETACAROTENE	"19037223"	""	""	""	""
""	""	""	EPOETIN ZETA	"36878697"	""	""	""	""
""	""	""	VINFLUNINE	"36878852"	""	""	""	""
""	""	""	SULGLYCOTIDE	"43009068"	""	""	""	""
""	""	""	EPALRESTAT	"35197996"	""	""	""	""
""	""	""	MOSAPRAMINE HYDROCHLORIDE	"35198101"	""	""	""	""
""	""	""	BUCOLOME	"35197920"	""	""	""	""
""	""	""	BROMISOVAL	"40798676"	""	""	""	""
""	""	""	INSULIN GLULISINE	"1544838"	""	""	""	""
""	""	""	"7-KETO-DEHYDROEPIANDROSTERONE"	"43531885"	""	""	""	""
""	""	""	MAXACALCITOL	"35198167"	""	""	""	""
""	""	""	BERAPROST SODIUM	"43009013"	""	""	""	""
""	""	""	MIZORIBINE	"43009095"	""	""	""	""
""	""	""	POLAPREZINC	"43009064"	""	""	""	""
""	""	""	ARTEMISININ	"40798641"	""	""	""	""
""	""	""	RUTOSIDE	"19063981"	""	""	""	""
""	""	""	PHYTONADIONE	"19044727"	""	""	""	""
""	""	""	VALPROMIDE	"36878958"	""	""	""	""
""	""	""	FLUPENTIXOL	"19055982"	""	""	""	""
""	""	""	ELDECALCITOL	"35197861"	""	""	""	""
""	""	""	FLUTOPRAZEPAM	"35197972"	""	""	""	""
""	""	""	KALLIDINOGENASE	"19123342"	""	""	""	""
""	""	""	DIAMORPHINE	"19022417"	""	""	""	""
""	""	""	TILACTASE	"950183"	""	""	""	""
""	""	""	FOTEMUSTINE	"36879099"	""	""	""	""
""	""	""	BENIDIPINE HYDROCHLORIDE	"43009040"	""	""	""	""
""	""	""	BUCILLAMINE	"43009016"	""	""	""	""
""	""	""	MELPERONE	"19072088"	""	""	""	""
""	""	""	AROTINOLOL HYDROCHLORIDE	"43009035"	""	""	""	""
""	""	""	COLESTYRAMINE	"19095309"	""	""	""	""
""	""	""	LIRANAFTATE	"35197904"	""	""	""	""
""	""	""	GUSPERIMUS HYDROCHLORIDE	"35197998"	""	""	""	""
""	""	""	SOBUZOXANE	"35198195"	""	""	""	""
""	""	""	CILNIDIPINE	"43009017"	""	""	""	""
""	""	""	CLOSTRIDIUM BUTYRICUM	"35197867"	""	""	""	""
""	""	""	CLOMETHIAZOLE	"19092283"	""	""	""	""
""	""	""	PROTAMINE	"19054245"	""	""	""	""
""	""	""	HERBAL EXTRACT	"40798873"	""	""	""	""
""	""	""	NEDAPLATIN	"35198201"	""	""	""	""
""	""	""	BENFOTIAMINE	"19018541"	""	""	""	""
""	""	""	NALFURAFINE HYDROCHLORIDE	"35198152"	""	""	""	""
""	""	""	CARBASALATE CALCIUM	"40798706"	""	""	""	""
""	""	""	ITOPRIDE HYDROCHLORIDE	"43009053"	""	""	""	""
""	""	""	OENOTHERA BIENNIS	"19067085"	""	""	""	""
""	""	""	SILICONE OIL	"40799099"	""	""	""	""
""	""	""	DOSULEPIN	"19037989"	""	""	""	""
""	""	""	KOMBUCHA	"40798905"	""	""	""	""
""	""	""	NAFAMOSTAT MESILATE	"43009096"	""	""	""	""
""	""	""	L-LEUCINE	"19088571"	""	""	""	""
""	""	""	PLAUNOTOL	"35197954"	""	""	""	""
""	""	""	PHYTOMENADIONE	"19044727"	""	""	""	""
""	""	""	FERROUS TARTRATE	"44012596"	""	""	""	""
""	""	""	LOPRAZOLAM	"19042550"	""	""	""	""
""	""	""	TRICHLOROETHYLENE	"40799157"	""	""	""	""
""	""	""	RED YEAST	"44507650"	""	""	""	""
""	""	""	LAFUTIDINE	"43009003"	""	""	""	""
""	""	""	CEFPIRAMIDE SODIUM	"43009045"	""	""	""	""
""	""	""	TRIMETAZIDINE DIHYDROCHLORIDE	"40684649"	""	""	""	""
""	""	""	BILASTINE	"44012547"	""	""	""	""
""	""	""	ARACHIS OIL	"19033278"	""	""	""	""
""	""	""	ALBUMIN TANNATE	"35198220"	""	""	""	""
""	""	""	PILSICAINIDE HYDROCHLORIDE	"43009025"	""	""	""	""
""	""	""	SILYBUM MARIANUM EXTRACT	"1304277"	""	""	""	""
""	""	""	NICAMETATE	"40798979"	""	""	""	""
""	""	""	FAROPENEM SODIUM HYDRATE	"35198107"	""	""	""	""
""	""	""	FALECALCITRIOL	"35197846"	""	""	""	""
""	""	""	TOPIROXOSTAT	"35197879"	""	""	""	""
""	""	""	CARPERITIDE	"35198110"	""	""	""	""
""	""	""	DOXIFLURIDINE	"43008996"	""	""	""	""
""	""	""	RUPATADINE	"36879144"	""	""	""	""
""	""	""	AZELNIDIPINE	"35198057"	""	""	""	""
""	""	""	ULINASTATIN	"43009071"	""	""	""	""
""	""	""	AGOMELATINE	"36878783"	""	""	""	""
""	""	""	NAFTOPIDIL	"43009059"	""	""	""	""
""	""	""	MIRIPLATIN HYDRATE	"35198030"	""	""	""	""
""	""	""	GENERAL NUTRIENTS	"40798859"	""	""	""	""
""	""	""	COAGULATION FACTOR VIII	"1352213"	""	""	""	""
""	""	""	METILDIGOXIN	"19094483"	""	""	""	""
""	""	""	NICERITROL	"35197917"	""	""	""	""
""	""	""	TIMIPERONE	"35198059"	""	""	""	""
""	""	""	DENOPAMINE	"35198098"	""	""	""	""
""	""	""	CEPHARANTHINE	"35198176"	""	""	""	""
""	""	""	DOCARPAMINE	"35197859"	""	""	""	""
""	""	""	RANIMUSTINE	"35197850"	""	""	""	""
""	""	""	AMPIROXICAM	"35198066"	""	""	""	""
""	""	""	FLUMETASONE	"19055156"	""	""	""	""
""	""	""	ELCATONIN	"43009084"	""	""	""	""
""	""	""	LOMERIZINE HYDROCHLORIDE	"35197935"	""	""	""	""
""	""	""	ILAPRAZOLE	"43009052"	""	""	""	""
""	""	""	PEROSPIRONE HYDROCHLORIDE HYDRATE	"35197858"	""	""	""	""
""	""	""	EPOETIN KAPPA	"35198097"	""	""	""	""
""	""	""	TRANSFER FACTOR	"40799163"	""	""	""	""
""	""	""	FUSAFUNGINE	"19097405"	""	""	""	""
""	""	""	KAVA	"1307026"	""	""	""	""
""	""	""	CETRAXATE HYDROCHLORIDE	"35198082"	""	""	""	""
""	""	""	CEFMENOXIME	"40798704"	""	""	""	""
""	""	""	OENOTHERA BIENNIS OIL	"19045290"	""	""	""	""
""	""	""	GARENOXACIN MESILATE HYDRATE	"35197938"	""	""	""	""
""	""	""	OPICAPONE	"40799013"	""	""	""	""
""	""	""	RILMAZAFONE HYDROCHLORIDE HYDRATE	"35197915"	""	""	""	""
""	""	""	BIPHENYL DIMETHYL DICARBOXYLATE	"43008992"	""	""	""	""
""	""	""	PROSULTIAMINE	"35198147"	""	""	""	""
""	""	""	OCTOTIAMINE	"40798996"	""	""	""	""
""	""	""	NIFURTOINOL	"40798981"	""	""	""	""
""	""	""	COCARBOXYLASE	"40798760"	""	""	""	""
""	""	""	ISOSULFAN BLUE	"19003412"	""	""	""	""
""	""	""	L-METHIONINE	"19004724"	""	""	""	""
""	""	""	AMINOMETHYLBENZOIC ACID	"19012200"	""	""	""	""
""	""	""	OXAZOLAM	"40799014"	""	""	""	""
""	""	""	MENADIONE	"19001579"	""	""	""	""
""	""	""	RAMATROBAN	"35198002"	""	""	""	""
""	""	""	PROTOPORPHYRIN DISODIUM	"35197932"	""	""	""	""
""	""	""	SIVELESTAT SODIUM HYDRATE	"43009027"	""	""	""	""
""	""	""	DIXYRAZINE	"40798772"	""	""	""	""
""	""	""	CEFTOBIPROLE	"36878858"	""	""	""	""
""	""	""	BUFORMIN	"40798673"	""	""	""	""
""	""	""	ALACEPRIL	"43009074"	""	""	""	""
""	""	""	ANAGLIPTIN	"43008991"	""	""	""	""
""	""	""	CAPRYLIC ACID	"19025825"	""	""	""	""
""	""	""	HACHIMIGAN	"35198109"	""	""	""	""
""	""	""	NETICONAZOLE HYDROCHLORIDE	"35198013"	""	""	""	""
""	""	""	CERNITIN POLLEN EXTRACT	"35198018"	""	""	""	""
""	""	""	L-ARGININE HYDROCHLORIDE	"35198208"	""	""	""	""
""	""	""	HALOXAZOLAM	"35198171"	""	""	""	""
""	""	""	TRAFERMIN	"35197901"	""	""	""	""
""	""	""	EFONIDIPINE	"43008998"	""	""	""	""
""	""	""	COLESTIPOLE	"1501617"	""	""	""	""
""	""	""	UBENIMEX	"43009031"	""	""	""	""
""	""	""	CEFAZEDONE	"40798700"	""	""	""	""
""	""	""	MIRIMOSTIM	"35198091"	""	""	""	""
""	""	""	SULPROSTONE	"36878620"	""	""	""	""
""	""	""	METACYCLINE	"19003644"	""	""	""	""
""	""	""	CEFROXADINE	"43009083"	""	""	""	""
""	""	""	BENZYLHYDROCHLOROTHIAZIDE	"35197874"	""	""	""	""
""	""	""	TRIPAMIDE	"35198183"	""	""	""	""
""	""	""	NEMONAPRIDE	"35197970"	""	""	""	""
""	""	""	PRULIFLOXACIN	"35197897"	""	""	""	""
""	""	""	CINNAMALDEHYDE	"43014055"	""	""	""	""
""	""	""	STARFLOWER OIL	"19005918"	""	""	""	""
""	""	""	ALLYLISOPROPYLACETYLUREA	"35197991"	""	""	""	""
""	""	""	GEFARNATE	"35198120"	""	""	""	""
""	""	""	COLESTILAN	"36878774"	""	""	""	""
""	""	""	CEFTERAM PIVOXIL	"35198137"	""	""	""	""
""	""	""	PROTIRELIN	"19001701"	""	""	""	""
""	""	""	EPIRIZOLE	"35197997"	""	""	""	""
""	""	""	BENZOIN	"19011438"	""	""	""	""
""	""	""	CATUMAXOMAB	"36879077"	""	""	""	""
""	""	""	BIFIDOBACTERIUM ANIMALIS SUBSP. LACTIS	"45776867"	""	""	""	""
""	""	""	HUMAN HAPTOGLOBIN	"35198163"	""	""	""	""
""	""	""	LEVOMEPROMAZINE 	"19005147"	""	""	""	""
""	""	""	PHENOXYMETHYLPENICILLINE	"1729720"	""	""	""	""
""	""	""	BENZYLPENICILLIN 	"1728416"	""	""	""	""
""	""	""	L-LYSINE 	"19092377"	""	""	""	""
""	""	""	BUTYLSCOPOLAMIN	"40234201"	""	""	""	""
""	""	""	CYPROHEPTADIN	"1110727"	""	""	""	""
""	""	""	CYANOCOBALAMINE	"1308738"	""	""	""	""
""	""	""	ERYTHROPOIETINE	"43009086"	""	""	""	""
""	""	""	SUCCINYLCHOLIN	"836208"	""	""	""	""
""	""	""	TRIFLUOPERAZIN	"704984"	""	""	""	""
""	""	""	BENZTROPIN	"719174"	""	""	""	""
""	""	""	FLUCLOXACILLIN 	"19054936"	""	""	""	""
""	""	""	BENFOTIAMIN	"19018541"	""	""	""	""
""	""	""	VINPOCETIN	"19095462"	""	""	""	""
""	""	""	METHYLCOBALAMINE	"19009025"	""	""	""	""
""	""	""	LEVOMEPROMAZIN	"19005147"	""	""	""	""
""	""	""	HYDROXYZIN	"777221"	""	""	""	""
""	""	""	GUAIFENESINE	"1163944"	""	""	""	""
""	""	""	PHENAZOPYRIDIN	"933724"	""	""	""	""
""	""	""	FURSULTIAMINE	"19112519"	""	""	""	""
""	""	""	FEXOFENADIN	"1153428"	""	""	""	""
""	""	""	BROMOCRIPTIN	"730548"	""	""	""	""
""	""	""	SULFASALAZIN	"964339"	""	""	""	""
""	""	""	FLUCLOXACILLINE	"19054936"	""	""	""	""
""	""	""	L-CARNITIN	"1553610"	""	""	""	""
""	""	""	CHLOROQUIN	"1792515"	""	""	""	""
""	""	""	RIFAXIMINE	"1735947"	""	""	""	""
""	""	""	CHLORPROMAZIN	"794852"	""	""	""	""
""	""	""	BENZBROMARON	"19016754"	""	""	""	""
""	""	""	LEVOCARNITIN	"1553610"	""	""	""	""
""	""	""	FERROUS GLUCONATER	"1396012"	""	""	""	""
""	""	""	GEMCITABIN	"1314924"	""	""	""	""
""	""	""	THIOGUANIN	"1437379"	""	""	""	""
""	""	""	DESMOPRESSINE	"1517070"	""	""	""	""
""	""	""	FLUNARIZIN	"19055183"	""	""	""	""
""	""	""	CHLORZOXAZON	"795113"	""	""	""	""
""	""	""	METAMIZOLE 	"19031397"	""	""	""	""
""	""	""	L-LYSIN	"19092377"	""	""	""	""
""	""	""	MEBEVERIN	"19008994"	""	""	""	""
""	""	""	PHENPROCOUMONE	"19035344"	""	""	""	""
""	""	""	COLESTYRAMIN	"19095309"	""	""	""	""
""	""	""	TELITHROMYCINE	"1702911"	""	""	""	""
""	""	""	MECOBALAMINE	"19009025"	""	""	""	""
""	""	""	GLYCERYL TRINITRAT	"1361711"	""	""	""	""
""	""	""	VINORELBIN	"1343346"	""	""	""	""
""	""	""	PILOCARPIN	"945286"	""	""	""	""
""	""	""	CLINDAMYCINE	"997881"	""	""	""	""
""	""	""	FLUVASTATINE	"1549686"	""	""	""	""
""	""	""	MEPIVACAIN	"702774"	""	""	""	""
""	""	""	TROXERUTINE	"19043154"	""	""	""	""
""	""	""	BENDROFLUMETHIAZID	"1316354"	""	""	""	""
""	""	""	TIANEPTIN	"19041910"	""	""	""	""
""	""	""	MEDROXYPROGESTERON	"1500211"	""	""	""	""
""	""	""	DIGITOXINE	"19026180"	""	""	""	""
""	""	""	TETRACYCLIN	"1836948"	""	""	""	""
""	""	""	OXYTOCINE	"1326115"	""	""	""	""
""	""	""	NEOMYCINE	"915981"	""	""	""	""
""	""	""	BEMIPARINE	"19069137"	""	""	""	""
""	""	""	MINOCYCLIN	"1708880"	""	""	""	""
""	""	""	ALIMEMAZIN	"19005570"	""	""	""	""
""	""	""	DALTEPARINE	"1301065"	""	""	""	""
""	""	""	PERPHENAZIN	"733008"	""	""	""	""
""	""	""	MIDODRIN	"1308368"	""	""	""	""
""	""	""	AGOMELATIN	"36878783"	""	""	""	""
""	""	""	OXETACAIN	"36879092"	""	""	""	""
""	""	""	VILDAGLIPTINA	"19122137"	""	""	""	""
""	""	""	AUROTHIOMALAT	"1152134"	""	""	""	""
""	""	""	DICYCLOMIN	"924724"	""	""	""	""
""	""	""	ERDOSTEIN	"19058933"	""	""	""	""
""	""	""	BISOXATINE	"36256131"	""	""	""	""
""	""	""	PROMETHAZIN	"1153013"	""	""	""	""
""	""	""	HYDRALAZIN	"1373928"	""	""	""	""
""	""	""	DORZOLAMID	"981709"	""	""	""	""
""	""	""	KETOBEMIDON	"40798904"	""	""	""	""
""	""	""	CALCIUM CARBONAT	"19035704"	""	""	""	""
""	""	""	PHOLCODIN	"19024213"	""	""	""	""
""	""	""	DOSULEPIN 	"19037989"	""	""	""	""
""	""	""	CEPHARANTHIN	"35198176"	""	""	""	""
""	""	""	FAMOTIDIN	"953076"	""	""	""	""
""	""	""	PIOGLITAZON	"1525215"	""	""	""	""
""	""	""	UBIQUINON	"1306837"	""	""	""	""
""	""	""	TRIMECAIN	"40799161"	""	""	""	""
""	""	""	ANTILYMPHOCYTE IMMUNOGLOBULINS	"19136041"	""	""	""	""
""	""	""	BECLOMETHASON	"1115572"	""	""	""	""
""	""	""	DIACEREINE	"19088915"	""	""	""	""
""	""	""	CYCLOPENTOLAT	"910232"	""	""	""	""
""	""	""	AMPICILLINE	"1717327"	""	""	""	""
""	""	""	SOLIFENACINE	"916005"	""	""	""	""
""	""	""	GLIPIZID	"1560171"	""	""	""	""
""	""	""	PHYTOMENADION	"19044727"	""	""	""	""
""	""	""	CASPOFUNGINA	"1718054"	""	""	""	""
""	""	""	PENICILLAMIN	"19028050"	""	""	""	""
""	""	""	FLAXSEED OIL 	"19090767"	""	""	""	""
""	""	""	LOXAPIN	"792263"	""	""	""	""
""	""	""	LEVOMETHADON	"19056706"	""	""	""	""
""	""	""	CALCIUM CITRAT	"19058572"	""	""	""	""
""	""	""	AZELASTIN	"934075"	""	""	""	""
""	""	""	CALCITONINE	"42900359"	""	""	""	""
""	""	""	TRIAMCINOLON	"903963"	""	""	""	""
""	""	""	TERAZOSINE	"1341238"	""	""	""	""
""	""	""	PANCREATINE	"926487"	""	""	""	""
""	""	""	FLUOROMETHOLON	"955583"	""	""	""	""
""	""	""	SULFAMETHIZOL	"1036425"	""	""	""	""
""	""	""	NABUMETON	"1113648"	""	""	""	""
""	""	""	PIPAMPERON	"19093225"	""	""	""	""
""	""	""	LACIDIPIN	"19004539"	""	""	""	""
""	""	""	GLICLAZID	"19059796"	""	""	""	""
""	""	""	PHENIRAMIN	"933952"	""	""	""	""
""	""	""	BENZONATAT	"1136601"	""	""	""	""
""	""	""	CIMETIDIN	"997276"	""	""	""	""
""	""	""	ALIZAPRID	"19030087"	""	""	""	""
""	""	""	ISOSORBID	"1383815"	""	""	""	""
""	""	""	NITROFURANTOINA	"920293"	""	""	""	""
""	""	""	NOSCAPIN	"19021930"	""	""	""	""
""	""	""	PANTETHIN	"19019317"	""	""	""	""
""	""	""	CARNITIN	"19050104"	""	""	""	""
""	""	""	AMPHETAMIN	"714785"	""	""	""	""
""	""	""	CONJUGATED ESTROGEN	"1549080"	""	""	""	""
""	""	""	CHLORTHALIDON	"1395058"	""	""	""	""
""	""	""	CYPROTERON	"19010792"	""	""	""	""
""	""	""	LECITHINE	"19042345"	""	""	""	""
""	""	""	MENINGOCOCCAL VACCINE	"19016540"	""	""	""	""
""	""	""	MITOXANTRON	"1309188"	""	""	""	""
""	""	""	SULFACETAMID	"1036252"	""	""	""	""
""	""	""	NYSTATINE	"922570"	""	""	""	""
""	""	""	ETHYLPHENIDATE	"705944"	""	""	""	""
""	""	""	PENTOXIFYLLI	"1331247"	""	""	""	""
""	""	""	IMMUNOGLOBULIN 	"43531966"	""	""	""	""
""	""	""	IMMUNOGLOBULIN 	"43531966"	""	""	""	""
""	""	""	MELPERON	"19072088"	""	""	""	""
""	""	""	NORETHINDRON	"1521369"	""	""	""	""
""	""	""	OLIVIN	"43014154"	""	""	""	""
""	""	""	CITICOLIN	"40223464"	""	""	""	""
""	""	""	AMLODIPIN 	"1332418"	""	""	""	""
""	""	""	NADROPARINA	"19001014"	""	""	""	""
""	""	""	ETHYL ALCOHOL	"42899323"	""	""	""	""
""	""	""	TRIMETHOPRIN	"1705674"	""	""	""	""
""	""	""	CEFOTAXIM	"1774470"	""	""	""	""
""	""	""	TRIAMCINOLON 	"903963"	""	""	""	""
""	""	""	PARATHYROID HORMONES	"43532113"	""	""	""	""
""	""	""	DUTASTERID	"989482"	""	""	""	""
""	""	""	CHLORTALIDON	"1395058"	""	""	""	""
""	""	""	PENTAMIDIN	"1730370"	""	""	""	""
""	""	""	FLUVASTATINA	"1549686"	""	""	""	""
""	""	""	SOLIFENACINA	"916005"	""	""	""	""
""	""	""	DIPYRON	"19031397"	""	""	""	""
""	""	""	GABAPENTI	"797399"	""	""	""	""
""	""	""	ALLOPURINOLE	"1167322"	""	""	""	""
""	""	""	POVIDON	"950056"	""	""	""	""
""	""	""	ATORVASTATING	"1545958"	""	""	""	""
""	""	""	ISOTRETINOINA	"984232"	""	""	""	""
""	""	""	DOXAZOSINA	"1363053"	""	""	""	""
""	""	""	POLYMYXIN	"948582"	""	""	""	""
""	""	""	TILIDIN	"19002431"	""	""	""	""
""	""	""	ARGININ	"19006410"	""	""	""	""
""	""	""	RILUZOL	"735951"	""	""	""	""
""	""	""	HISTAMIN	"19069019"	""	""	""	""
""	""	""	HYDROXOCOBALAM	"1377023"	""	""	""	""
""	""	""	CYANOCOBALAM	"1308738"	""	""	""	""
""	""	""	BUMETANID	"932745"	""	""	""	""
""	""	""	LANOCONAZOLE	"43009004"	""	""	""	""
""	""	""	PIRITRAMID	"19134009"	""	""	""	""
""	""	""	BIOTINE	"19024770"	""	""	""	""
""	""	""	IRON POLYSACCHARIDES	"1377898"	""	""	""	""
""	""	""	TRIBAVIRIN	"1762711"	""	""	""	""
""	""	""	TORASEMIDE 	"942350"	""	""	""	""
""	""	""	GOREISAN 	"35198150"	""	""	""	""
""	""	""	TOKISHIGYAKUKAGOSHUYUSHOKYOTO	"35198115"	""	""	""	""
""	""	""	DINOPROSTON	"1329415"	""	""	""	""
""	""	""	HEPARINE	"1367571"	""	""	""	""
""	""	""	PROPOXYPHEN	"1153664"	""	""	""	""
""	""	""	BEZAFIBRATO	"19022956"	""	""	""	""
""	""	""	GLUTATHION	"19061083"	""	""	""	""
""	""	""	GLUTAMIN	"19060985"	""	""	""	""
""	""	""	TIAPRID	"19008012"	""	""	""	""
""	""	""	PIPERACILLINA	"1746114"	""	""	""	""
""	""	""	PIRETANID	"19025498"	""	""	""	""
""	""	""	CALCIPOTRIEN	"908921"	""	""	""	""
""	""	""	PROCAIN	"751698"	""	""	""	""
""	""	""	PROTAMIN	"19054245"	""	""	""	""
""	""	""	DACARBAZINA	"1311409"	""	""	""	""
""	""	""	GEMCITABINA	"1314924"	""	""	""	""
""	""	""	UBIQUINONES	"1306837"	""	""	""	""
""	""	""	DEOXYRIBONUCLEASE	"915841"	""	""	""	""
""	""	""	POLYETHYLENE	"19135778"	""	""	""	""
""	""	""	SIMVASTATION	"1539403"	""	""	""	""
""	""	""	SIMVASTAT	"1539403"	""	""	""	""
""	""	""	YOKUKANSANKACHIMPIHANGE	"35197919"	""	""	""	""
""	""	""	TIBOLON	"19041933"	""	""	""	""
""	""	""	METHADON	"1103640"	""	""	""	""
""	""	""	WHEY PROTEIN	"35606401"	""	""	""	""
""	""	""	EOSINE	"42899052"	""	""	""	""
""	""	""	LUTEINE	"1310353"	""	""	""	""
""	""	""	HEROINE	"19022417"	""	""	""	""
""	""	""	OPIPRAMOLE	"19129635"	""	""	""	""
""	""	""	CEFCAPENE PIVOXIL HYDROCHLORIDE	"43009044"	""	""	""	""
""	""	""	HALOPERIDOLE	"766529"	""	""	""	""
""	""	""	TROPICAMID	"906072"	""	""	""	""
""	""	""	RILMAZAFONE HYDROCHLORIDE	"35197915"	""	""	""	""
""	""	""	BISOPROLOLE	"1338005"	""	""	""	""
""	""	""	APREPITAN	"936748"	""	""	""	""
""	""	""	DIOSMINA	"19029488"	""	""	""	""
""	""	""	IMMUNOGLOBULINE	"43531966"	""	""	""	""
""	""	""	CARBOHYDRATES	"44012568"	""	""	""	""
""	""	""	TIZANIDINA	"778474"	""	""	""	""
""	""	""	TERAZOSINA	"1341238"	""	""	""	""
""	""	""	SULFAMETHOXAZOLE W	"1836430"	""	""	""	""
""	""	""	AMILORID	"991382"	""	""	""	""
""	""	""	REDNISONE	"1551099"	""	""	""	""
""	""	""	SOY PROTEIN	"19100396"	""	""	""	""
""	""	""	PANCREATINA	"926487"	""	""	""	""
""	""	""	PILSICAINIDE HYDROCHLORIDE HYDRATE	"43009025"	""	""	""	""
""	""	""	SENNOSIDE 	"19115055"	""	""	""	""
""	""	""	SENNOSIDE 	"19115055"	""	""	""	""
""	""	""	NIMODIPINA	"1319133"	""	""	""	""
""	""	""	MENADION	"19001579"	""	""	""	""
""	""	""	SODIUM PHOSPHATES	"939871"	""	""	""	""
""	""	""	SOTALOLO	"1370109"	""	""	""	""
""	""	""	LEVOCETIRIZI	"1136422"	""	""	""	""
""	""	""	TORVASTATIN	"1545958"	""	""	""	""
""	""	""	TETRACYCLINES	"1836948"	""	""	""	""
""	""	""	MIDODRINA	"1308368"	""	""	""	""
""	""	""	DANAZOLE	"1511449"	""	""	""	""
""	""	""	TOMOXETINE	"742185"	""	""	""	""
""	""	""	NEBIVOLOLUM	"1314577"	""	""	""	""
""	""	""	ASPIRI	"1112807"	""	""	""	""
""	""	""	BETA CAROTEN	"19037223"	""	""	""	""
""	""	""	ATORVASTATION	"1545958"	""	""	""	""
""	""	""	TENOLOL	"1314002"	""	""	""	""
""	""	""	TRETINOINA	"903643"	""	""	""	""
""	""	""	CEFTOBIPROLE MEDOCARIL SODIUM	"36879134"	""	""	""	""
""	""	""	LOSARTA	"1367500"	""	""	""	""
""	""	""	MENINGOCOCCAL VACCINES	"19016540"	""	""	""	""
""	""	""	NITROGLYCER	"1361711"	""	""	""	""
""	""	""	LEVETIRACETA	"711584"	""	""	""	""
""	""	""	NEVIRAPINA	"1769389"	""	""	""	""
""	""	""	L TRYPTOPHAN	"19006186"	""	""	""	""
""	""	""	TERBUTALINA	"1236744"	""	""	""	""
""	""	""	AMINOSALICYLATES	"19010337"	""	""	""	""
""	""	""	AMLODIPINE B	"1332418"	""	""	""	""
""	""	""	GLUCOSAMINA	"1360332"	""	""	""	""
""	""	""	ERGOCALCIFEROLUM	"19045045"	""	""	""	""
""	""	""	METOPROLOLE	"1307046"	""	""	""	""
""	""	""	CLOMIPRAMINA	"798834"	""	""	""	""
""	""	""	LEUCOVOR	"1388796"	""	""	""	""
""	""	""	FILGRASTIMA	"1304850"	""	""	""	""
""	""	""	LACTOBACILLU	"987128"	""	""	""	""
""	""	""	MELATONINA	"1301152"	""	""	""	""
""	""	""	SELEGILINA	"766209"	""	""	""	""
""	""	""	BIGUANIDES	"1593986"	""	""	""	""
""	""	""	PAROXETINA	"722031"	""	""	""	""
""	""	""	DIDANOSINA	"1724869"	""	""	""	""
""	""	""	SAIKOKARYUKOTSUBOREITO	"35198172"	""	""	""	""
""	""	""	LERCANIDIPINO	"19015802"	""	""	""	""
""	""	""	RIFAMYCIN	"19136008"	""	""	""	""
""	""	""	ESTROGENIC SUBSTANCE	"1598493"	""	""	""	""
""	""	""	PANTHENOLE	"40231459"	""	""	""	""
""	""	""	FAMOTIDINA	"953076"	""	""	""	""
""	""	""	CYPROHEPTAD	"1110727"	""	""	""	""
""	""	""	KEISHIKARYUKOTSUBOREITO	"35197882"	""	""	""	""
""	""	""	DISODIUM PHOSPHATE	"939871"	""	""	""	""
""	""	""	PRAVASTATION	"1551860"	""	""	""	""
""	""	""	SILICONE	"19066891"	""	""	""	""
""	""	""	GRAPESEED OIL	"42898547"	""	""	""	""
""	""	""	PRAVASTAT	"1551860"	""	""	""	""
""	""	""	IMIPENEME	"1778262"	""	""	""	""
""	""	""	TYROSINT	"19006692"	""	""	""	""
""	""	""	CHOLECALCIFEROLUM	"19095164"	""	""	""	""
""	""	""	SPIRULINE	"1360890"	""	""	""	""
""	""	""	URSODEOXYCHOL	"988095"	""	""	""	""
""	""	""	METAMIZOL 	"19031397"	""	""	""	""
""	""	""	PROPAFENONA	"1353256"	""	""	""	""
""	""	""	KETOPROFENO	"1185922"	""	""	""	""
""	""	""	AMLODIPINO	"1332418"	""	""	""	""
""	""	""	LISINOPRILL	"1308216"	""	""	""	""
""	""	""	DIPHENHYDRAM	"1129625"	""	""	""	""
""	""	""	KEISHIBUKURYOGAN	"35198170"	""	""	""	""
""	""	""	IMIPRAMINA	"778268"	""	""	""	""
""	""	""	GOSHAJINKIGAN	"35198094"	""	""	""	""
""	""	""	MANIDIPINA	"19071995"	""	""	""	""
""	""	""	SULFAMETHOXAZOLUM	"1836430"	""	""	""	""
""	""	""	MAKYOYOKUKANTO	"35198055"	""	""	""	""
""	""	""	BACLOFENO	"715233"	""	""	""	""
""	""	""	CARBOXYMETHYLCELLULOSE NA	"949279"	""	""	""	""
""	""	""	ASTRAGALUS PROPINQUUS ROOT	"42898661"	""	""	""	""
""	""	""	GABAPENT	"797399"	""	""	""	""
""	""	""	MEPRAZOLE	"923645"	""	""	""	""
""	""	""	CYCLOBENZAPRIL	"778711"	""	""	""	""
""	""	""	OLPRINONE HYDROCHLORIDE	"35197888"	""	""	""	""
""	""	""	ERGOCALCIFER	"19045045"	""	""	""	""
""	""	""	PEROSPIRONE HYDROCHLORIDE	"35197858"	""	""	""	""
""	""	""	SENNOSIDE	"19115055"	""	""	""	""
""	""	""	LACIDIPINA	"19004539"	""	""	""	""
""	""	""	CARVEDILOLUM	"1346823"	""	""	""	""
""	""	""	SALBUTEROL	"1154343"	""	""	""	""
""	""	""	OMEPRAZOL 	"923645"	""	""	""	""
""	""	""	OMEPRAZOL 	"923645"	""	""	""	""
""	""	""	ACETYLCYSTEIN AL	"1139042"	""	""	""	""
""	""	""	BIPERIDENO	"724908"	""	""	""	""
""	""	""	EASTERN COTTONWOOD POLLEN	"40161793"	""	""	""	""
""	""	""	ALLOPURINOLUM	"1167322"	""	""	""	""
""	""	""	MERCAPTOPUR	"1436650"	""	""	""	""
""	""	""	PENICILLIN B	"19126544"	""	""	""	""
""	""	""	COENZYME R	"42903827"	""	""	""	""
""	""	""	KEISHIKAJUTSUBUTO	"35197967"	""	""	""	""
""	""	""	NALAPRIL	"1341927"	""	""	""	""
""	""	""	NITRENDIPINO	"19020061"	""	""	""	""
""	""	""	HACHIMIJIOGAN	"35198185"	""	""	""	""
""	""	""	NITROFURANT	"920378"	""	""	""	""
""	""	""	PARAFFINS	"19129738"	""	""	""	""
""	""	""	DESVENLAFAX	"717607"	""	""	""	""
""	""	""	TOKAKUJOKITO	"35197962"	""	""	""	""
""	""	""	ALGINATES	"43013872"	""	""	""	""
""	""	""	SAMARIUM 153 LEXIDRONAM	"19018483"	""	""	""	""
""	""	""	RETUXIMAB	"1315411"	""	""	""	""
""	""	""	PROPOXYPHENE N	"1153664"	""	""	""	""
""	""	""	CARBOMERE	"19055217"	""	""	""	""
""	""	""	HYDROXYETHYLCELLULOSE	"35605762"	""	""	""	""
""	""	""	MORPHINA	"1110410"	""	""	""	""
""	""	""	SEISHINRENSHIIN	"35198084"	""	""	""	""
""	""	""	FILGRASTIN	"1304850"	""	""	""	""
""	""	""	NITROGLYCERIDE	"1361711"	""	""	""	""
""	""	""	PHENAZOPYRID	"933724"	""	""	""	""
""	""	""	CYANOCOBALAMIN INJ	"1308738"	""	""	""	""
""	""	""	BENLAFAXINE	"743670"	""	""	""	""
""	""	""	CITALOPRA	"797617"	""	""	""	""
""	""	""	CALCIUM CITRATE D	"19058572"	""	""	""	""
""	""	""	FLUOCINONIDE F	"955252"	""	""	""	""
""	""	""	COBALAMIN	"19052638"	""	""	""	""
""	""	""	INTERLEUKIN-1	"42900473"	""	""	""	""
""	""	""	LUNG SURFACTANTS	"43009056"	""	""	""	""
""	""	""	GLIBENCLAMIDE TABLET	"1559684"	""	""	""	""
""	""	""	ISOSORBIDE D	"1383815"	""	""	""	""
""	""	""	CHORIONIC GONADOTR	"1563600"	""	""	""	""
""	""	""	METHOTREXAT 	"1305058"	""	""	""	""
""	""	""	CLEMASTINA	"1197677"	""	""	""	""
""	""	""	NALOXONA	"1114220"	""	""	""	""
""	""	""	FLUCONAZOLO	"1754994"	""	""	""	""
""	""	""	"5-HTP"	"1363516"	""	""	""	""
""	""	""	APAP TAB	"1125315"	""	""	""	""
""	""	""	ALBUTEROL (SALBUTAMOL SULFATE)	"1154343"	""	""	""	""
""	""	""	ALBUTEROL (ALBUTEROL/ALBUTEROL SULFATE)	"1154343"	""	""	""	""
""	""	""	ALBUTEROL (ALBUTEROL ALBUTEROL SULFATE)	"1154343"	""	""	""	""
""	""	""	ETHYL ALCOHOL	"955372"	""	""	""	""
""	""	""	MIXED AMPHETAMINE SALTS	"714785"	""	""	""	""
""	""	""	ANTITHYMOCYTE IMMUNOGLOBULIN (RABBIT)	"19136207"	""	""	""	""
""	""	""	ANTI-THYMOCYTE GLOBULIN NOS	"19136207"	""	""	""	""
""	""	""	ANTI-THYMOCYTE GLOBULIN (RABBIT) NOS	"19136207"	""	""	""	""
""	""	""	ANTI-THYMOCYTE GLOBULIN (RABBIT)	"19136207"	""	""	""	""
""	""	""	ANTI-THYMOCYTE GLOBULIN (RABBIT)/RABBIT ANTI-HUMAN THYMOCYTE IMMUNOGLOBULIN	"19136207"	""	""	""	""
""	""	""	ANTI-THYMOCYTE GLOBULIN	"19136207"	""	""	""	""
""	""	""	VITAMIN C	"19011773"	""	""	""	""
""	""	""	VIT C	"19011773"	""	""	""	""
""	""	""	VITAMIN C [ASCORBIC ACID]	"19011773"	""	""	""	""
""	""	""	VITAMIN C [ASCORBIC ACID]	"19011773"	""	""	""	""
""	""	""	ACETYLSALICYLIC ACID SRT	"1112807"	""	""	""	""
""	""	""	ASA (ACETYLSALICYLIC ACID)	"1112807"	""	""	""	""
""	""	""	ASA (ACETYLSALICYLIC ACID)	"1112807"	""	""	""	""
""	""	""	ASPIRIN (ACETYLSALICYLIC ACID) (UNKNOWN) (ACETYLSALICYLIC ACID)	"1112807"	""	""	""	""
""	""	""	ASPIRIN (ACETYLSALICYLIC ACID) (UNKNOWN) (ACETYLSALICYLIC ACID)	"1112807"	""	""	""	""
""	""	""	ACETYL SALICYLIC ACID USP BAT	"1112807"	""	""	""	""
""	""	""	ACETYLSALICYLIC ACID (ACETYLSALICYLIC ACID)	"1112807"	""	""	""	""
""	""	""	ACETYLSALICYLIC ACID (ACETYLSALICYLIC ACID)	"1112807"	""	""	""	""
""	""	""	ACETYLSALICYLIC ACID(<=100 MG)	"1112807"	""	""	""	""
""	""	""	ECOTRIN (ACETYLSALICYLIC ACID)	"1112807"	""	""	""	""
""	""	""	ASPIRIN LOW	"1112807"	""	""	""	""
""	""	""	ASA (ACETYLSALICYLIC ACID) (UNKNOWN)	"1112807"	""	""	""	""
""	""	""	ASA (ACETYLSALICYLIC ACID) (UNKNOWN)	"1112807"	""	""	""	""
""	""	""	BETAMETHASONE BUTYRATE PROPIONATE	"920458"	""	""	""	""
""	""	""	CALCIUM 500	"19018544"	""	""	""	""
""	""	""	CACO3	"19035704"	""	""	""	""
""	""	""	CARMELLOSE	"949279"	""	""	""	""
""	""	""	CHLORMADINONE ACETATE TAB	"19056679"	""	""	""	""
""	""	""	CLOMETHIAZOLE	"19092283"	""	""	""	""
""	""	""	VITAMIN D-3	"19095164"	""	""	""	""
""	""	""	COLECALCIFEROL (COLECALCIFEROL)	"19095164"	""	""	""	""
""	""	""	COLECALCIFEROL (COLECALCIFEROL)	"19095164"	""	""	""	""
""	""	""	CHOLESTYRAMINE.	"19095309"	""	""	""	""
""	""	""	CHOLESTYRAMINE	"19095309"	""	""	""	""
""	""	""	COLESTYRAMINE	"19095309"	""	""	""	""
""	""	""	CHOLESTYRAMINE FOR ORAL SUSPENSION USP	"19095309"	""	""	""	""
""	""	""	CITALOPRAM HBR	"797617"	""	""	""	""
""	""	""	TURMERIC CURCUMIN	"19072030"	""	""	""	""
""	""	""	DIAMORPHINE	"19022417"	""	""	""	""
""	""	""	METAMIZOL	"19031397"	""	""	""	""
""	""	""	METAMIZOL	"19031397"	""	""	""	""
""	""	""	DOSULEPIN	"19037989"	""	""	""	""
""	""	""	VITAMIN D (ERGOCALCIFEROL) (UNKNOWN)	"19045045"	""	""	""	""
""	""	""	VITAMIN D (ERGOCALCIFEROL) (UNKNOWN)	"19045045"	""	""	""	""
""	""	""	CONJUGATED ESTROGENS	"1549080"	""	""	""	""
""	""	""	CONJUGATED ESTROGEN	"1549080"	""	""	""	""
""	""	""	ESTROGENS SOL/INJ	"19049228"	""	""	""	""
""	""	""	ANTIHEMOPHILIC FACTOR (HUMAN)	"1352213"	""	""	""	""
""	""	""	OMEGA-3 MARINE TRIGLYCERIDES	"19106973"	""	""	""	""
""	""	""	OMEGA 3	"19106973"	""	""	""	""
""	""	""	OMEGA 3-6-9	"19106973"	""	""	""	""
""	""	""	OMEGA-3	"19106973"	""	""	""	""
""	""	""	OMEGA 3 6 9	"19106973"	""	""	""	""
""	""	""	OMEGA-3 TRIGLYCERIDES	"19106973"	""	""	""	""
""	""	""	INTERFERON BETA	"19109079"	""	""	""	""
""	""	""	INTERFERON BETA NOS	"19109079"	""	""	""	""
""	""	""	FISH OIL CONCENTRATE	"19110701"	""	""	""	""
""	""	""	OMEGA-3 FISH OIL	"19110701"	""	""	""	""
""	""	""	OMEGA 3 FISH OIL	"19110701"	""	""	""	""
""	""	""	FLUCLOXACILLIN	"19054936"	""	""	""	""
""	""	""	FLUPENTIXOL	"19055982"	""	""	""	""
""	""	""	FLURBIPROFEN AXETIL	"1156378"	""	""	""	""
""	""	""	FOLVITE	"19111620"	""	""	""	""
""	""	""	FUROSEMIDE SODIUM	"956874"	""	""	""	""
""	""	""	FUROSEMIDE (FUROSEMIDE SODIUM)	"956874"	""	""	""	""
""	""	""	FUROSEMIDE (FUROSEMIDE SODIUM)	"956874"	""	""	""	""
""	""	""	LASIX (FUROSEMIDE SODIUM)	"956874"	""	""	""	""
""	""	""	GABA	"19112523"	""	""	""	""
""	""	""	L-GLUTAMINE	"19060985"	""	""	""	""
""	""	""	NITROQUICK (GLYCERYL TRINITRATE)	"1361711"	""	""	""	""
""	""	""	LOW MOLECULAR WEIGHT HEPARIN	"1367571"	""	""	""	""
""	""	""	HEPARINOID	"19113045"	""	""	""	""
""	""	""	HUMAN NORMAL IMMUNOGLOBULIN HYALURONIDASE	"19073699"	""	""	""	""
""	""	""	HYDROXYCHLOROQUINE PHOSPHATE	"1777087"	""	""	""	""
""	""	""	ALFA 2 INTERFERON 2B (INTRON-A)	"1380068"	""	""	""	""
""	""	""	IRON DEXTRAN	"1381661"	""	""	""	""
""	""	""	ISDN	"1383925"	""	""	""	""
""	""	""	KALLIDINOGENASE	"19123342"	""	""	""	""
""	""	""	LEUKOVORIN	"1388796"	""	""	""	""
""	""	""	L-DOPA	"789578"	""	""	""	""
""	""	""	FLAXSEED OIL	"19090767"	""	""	""	""
""	""	""	FLAX SEED OIL	"19090767"	""	""	""	""
""	""	""	ALPHA LIPOIC ACID	"19124346"	""	""	""	""
""	""	""	MAGNESIUM GLYCEROPHOSPHATE	"19124906"	""	""	""	""
""	""	""	D-MANNOSE	"19124981"	""	""	""	""
""	""	""	METILDIGOXIN	"19094483"	""	""	""	""
""	""	""	METAMUCIL-2	"19003263"	""	""	""	""
""	""	""	MTX	"1305058"	""	""	""	""
""	""	""	LEVOMEPROMAZINE	"19005147"	""	""	""	""
""	""	""	NIACIN (NICOTINIC ACID)	"1517824"	""	""	""	""
""	""	""	NIACIN (NICOTINIC ACID)	"1517824"	""	""	""	""
""	""	""	NORADRENALIN	"1321341"	""	""	""	""
""	""	""	NYSTATINE	"922570"	""	""	""	""
""	""	""	OMEPRAZOLUM	"923645"	""	""	""	""
""	""	""	POLYENE PHOSPHATIDYLCHOLINE	"19042345"	""	""	""	""
""	""	""	PHYTONADIONE	"19044727"	""	""	""	""
""	""	""	PHYTONADIONE.	"19044727"	""	""	""	""
""	""	""	PHYTOMENADIONE	"19044727"	""	""	""	""
""	""	""	VITAMIN K1	"19044727"	""	""	""	""
""	""	""	PIRITRAMIDE	"19134009"	""	""	""	""
""	""	""	POLYETHYLENE	"19135778"	""	""	""	""
""	""	""	KCL TAB	"19049105"	""	""	""	""
""	""	""	PROTAMINE SULFATE	"19054242"	""	""	""	""
""	""	""	PROTAMINE SULFATE.	"19054242"	""	""	""	""
""	""	""	PROTAMINE	"19054245"	""	""	""	""
""	""	""	PROTIONAMIDE	"19135812"	""	""	""	""
""	""	""	VENTOLIN /SCH/	"19054316"	""	""	""	""
""	""	""	ISPAGHULA EXTRACT/PSYLLIUM	"957797"	""	""	""	""
""	""	""	S-ADENOSYLMETHIONINE SULFATE P-TOLUENESULFONATE	"1363981"	""	""	""	""
""	""	""	SAM-E	"1363981"	""	""	""	""
""	""	""	YEAST	"19136028"	""	""	""	""
""	""	""	SULFASALAZIN	"964339"	""	""	""	""
""	""	""	SODIUM GUALENATE	"19136048"	""	""	""	""
""	""	""	NACL .9%	"967823"	""	""	""	""
""	""	""	HEPARIN SODIUM 5000 UNITS IN DEXTROSE 5%	"19136055"	""	""	""	""
""	""	""	TRIMETAZIDINE DIHYDROCHLORIDE	"19005626"	""	""	""	""
""	""	""	VASOPRESSIN.	"1507835"	""	""	""	""
""	""	""	VASOPRESSIN	"1507835"	""	""	""	""
""	""	""	RETINOL	"19008339"	""	""	""	""
""	""	""	VITAMIN B12	"1308738"	""	""	""	""
""	""	""	VITAMIN B-12	"1308738"	""	""	""	""
""	""	""	CYANOCOBALAMIN.	"1308738"	""	""	""	""
""	""	""	CYANOCOBALAMIN	"1308738"	""	""	""	""
""	""	""	VITAMIN B12	"1308738"	""	""	""	""
""	""	""	VIT B12	"1308738"	""	""	""	""
""	""	""	CYANOCOBALAMINE	"1308738"	""	""	""	""
""	""	""	VITAMIN B12 (CYANOCOBALAMIN)	"1308738"	""	""	""	""
""	""	""	VITAMIN B12 (CYANOCOBALAMIN)	"1308738"	""	""	""	""
""	""	""	VITAMIN B12 NOS	"1308738"	""	""	""	""
""	""	""	VITAMIN B-COMPLEX	"19010970"	""	""	""	""
""	""	""	VITAMIN B COMPLEX STRONG	"19010970"	""	""	""	""
""	""	""	VITAMIN B COMPOUND STRONG	"19010970"	""	""	""	""
""	""	""	VIT D	"19009405"	""	""	""	""
""	""	""	VITAMIN D (UNSPECIFIED)	"19009405"	""	""	""	""
""	""	""	VITAMIN D (ERGOCALCIFEROL) (UNKNOWN)	"19009405"	""	""	""	""
""	""	""	TOCOPHEROL CONCENTRATE CAP	"19009540"	""	""	""	""
""	""	""	VIT E	"19009540"	""	""	""	""
""	""	""	VITAMIN E (TOCOPHERYL ACETATE)	"19009540"	""	""	""	""
""	""	""	ALKA SELTZER	"19030123"	""	""	""	""
""	""	""	ALKA-SELTZER ORIGINAL	"19030123"	""	""	""	""
""	""	""	AMLODIPINE MALEATE	"1332418"	""	""	""	""
""	""	""	BENAZAPRIL	"1335471"	""	""	""	""
""	""	""	BENFOTIAMINE	"19018541"	""	""	""	""
""	""	""	BETACAROTENE	"19037223"	""	""	""	""
""	""	""	CO Q10	"1351115"	""	""	""	""
""	""	""	COQ-10	"1351115"	""	""	""	""
""	""	""	Q10	"1351115"	""	""	""	""
""	""	""	COQ10	"1351115"	""	""	""	""
""	""	""	CORTISONE ACETATE TAB	"19049823"	""	""	""	""
""	""	""	CERAZETTE (DESOGESTREL )	"1588000"	""	""	""	""
""	""	""	DIACEREIN	"19088915"	""	""	""	""
""	""	""	DIHYDROCODEINE PHOSPHATE	"1189596"	""	""	""	""
""	""	""	FERROUS SULPHATE	"1396131"	""	""	""	""
""	""	""	IRON SULFATE	"1396131"	""	""	""	""
""	""	""	FERROUS SULPHATE	"1396131"	""	""	""	""
""	""	""	GAVISCON ADVANCE	"19097662"	""	""	""	""
""	""	""	LOXOPROFEN SODIUM	"19071936"	""	""	""	""
""	""	""	LOXONIN (LOXOPROFEN SODIUM)	"19071936"	""	""	""	""
""	""	""	LOXOPROFEN NA	"19071936"	""	""	""	""
""	""	""	LISINOPRIL (LISINOPRIL DIHYDRATE)	"1308216"	""	""	""	""
""	""	""	LISINOPRIL (LISINOPRIL DIHYDRATE)	"1308216"	""	""	""	""
""	""	""	MAALOX ANTACID	"19008319"	""	""	""	""
""	""	""	MAALOX FAST BLOCKER	"19008319"	""	""	""	""
""	""	""	MODOPAR	"19071969"	""	""	""	""
""	""	""	MADOPAR DEPOT	"19071969"	""	""	""	""
""	""	""	MADOPAR LT	"19071969"	""	""	""	""
""	""	""	METHYLCOBALAMIN.	"19009025"	""	""	""	""
""	""	""	MELPERON	"19072088"	""	""	""	""
""	""	""	MELPERONE	"19072088"	""	""	""	""
""	""	""	PLAVIX (CLOPIDOGREL SULFATE)	"1322184"	""	""	""	""
""	""	""	SODIUM PICOSULFATE	"19025115"	""	""	""	""
""	""	""	LAXOBERON (SODIUM PICOSULFATE)	"19025115"	""	""	""	""
""	""	""	SODIUM PICOSULFATE HYDRATE	"19025115"	""	""	""	""
""	""	""	PEG-ASPARAGINASE	"1326481"	""	""	""	""
""	""	""	PROCTOFOAM HC	"19029016"	""	""	""	""
""	""	""	CALCITONIN-SALMON	"1537655"	""	""	""	""
""	""	""	SENNOSIDE	"938268"	""	""	""	""
""	""	""	SENNOSIDE	"938268"	""	""	""	""
""	""	""	SENNOSIDES.	"938268"	""	""	""	""
""	""	""	SENNOSIDE A+B	"938268"	""	""	""	""
""	""	""	SENNOSIDES	"938268"	""	""	""	""
""	""	""	SENNOSIDES A+B	"938268"	""	""	""	""
""	""	""	SENNOSIDE A	"938268"	""	""	""	""
""	""	""	SERRAPEPTASE	"19100379"	""	""	""	""
""	""	""	SERTRALINE (SERTRALINE)	"739138"	""	""	""	""
""	""	""	SERTRALINE (SERTRALINE)	"739138"	""	""	""	""
""	""	""	SERTRALINE (SERTRALINE) (SERTRALINE)	"739138"	""	""	""	""
""	""	""	SERTRALINE (SERTRALINE) (SERTRALINE)	"739138"	""	""	""	""
""	""	""	SINEMET PLUS	"19100380"	""	""	""	""
""	""	""	SODIUM PHOSPHATES	"939871"	""	""	""	""
""	""	""	VITAMIN E (TOCOPHERYL ACETATE)	"19102102"	""	""	""	""
""	""	""	TOCOPHERYL ACETATE	"19102102"	""	""	""	""
""	""	""	VENLAFAXINE (VENLAFAXINE)	"743670"	""	""	""	""
""	""	""	VENLAFAXINE (VENLAFAXINE)	"743670"	""	""	""	""
""	""	""	BARNIDIPINE	"19102106"	""	""	""	""
""	""	""	PANTOPRAZOLE MAGNESIUM	"948078"	""	""	""	""
""	""	""	IVIG	"551749"	""	""	""	""
""	""	""	IMMUNE GLOBULIN NOS	"551749"	""	""	""	""
""	""	""	VITAMIN K2	"19106287"	""	""	""	""
""	""	""	PERCOCET-5	"19106396"	""	""	""	""
""	""	""	HYALURONATE SODIUM	"19106560"	""	""	""	""
""	""	""	VIT B6	"1353228"	""	""	""	""
""	""	""	CALCIUM POLYSTYRENE SULFONATE	"19112563"	""	""	""	""
""	""	""	INSULIN ASPART	"1567198"	""	""	""	""
""	""	""	NOVORAPID (INSULIN ASPART)	"1567198"	""	""	""	""
""	""	""	NOVOLOG (INSULIN ASPART)	"1567198"	""	""	""	""
""	""	""	PEPTO BISMOL	"19073172"	""	""	""	""
""	""	""	ZYRTEC LIQUID GELS 10 MG	"19080316"	""	""	""	""
""	""	""	ZYRTEC IR	"19080316"	""	""	""	""
""	""	""	NADROPARIN CALCIUM	"19001014"	""	""	""	""
""	""	""	NIFEREX (POLYSACCHARIDE-IRON COMPLEX)	"19005375"	""	""	""	""
""	""	""	PRIMPERAN TAB	"19126904"	""	""	""	""
""	""	""	PROPOXYPHENE HCL CAP	"19126906"	""	""	""	""
""	""	""	SURFAK	"19132920"	""	""	""	""
""	""	""	TRAMADOL HCL ER	"19132975"	""	""	""	""
""	""	""	ZOLOFT (SERTRALINE HYDROCHLORIDE)	"19043820"	""	""	""	""
""	""	""	FLONASE ALLERGY RLF	"19046010"	""	""	""	""
""	""	""	ADDERALL XR	"19048173"	""	""	""	""
""	""	""	ADDERALL XR 10	"19048173"	""	""	""	""
""	""	""	ADDERALL XR 30	"19048173"	""	""	""	""
""	""	""	ADDERALL XR 20	"19048173"	""	""	""	""
""	""	""	HUMALOG LISPRO	"1550023"	""	""	""	""
""	""	""	IRON SULFATETHIAMIN COMPOUND TAB	"1360067"	""	""	""	""
""	""	""	TECHNETIUM TC 99M	"19135852"	""	""	""	""
""	""	""	DIGITALIS	"19060903"	""	""	""	""
""	""	""	DIGITALIS TAB	"19060903"	""	""	""	""
""	""	""	LACTOBACILLUS RHAMNOSUS	"19000811"	""	""	""	""
""	""	""	PSYLLIUM HUSK	"19137031"	""	""	""	""
""	""	""	DIHYDROCODEINE BITARTRATE INJ	"19006101"	""	""	""	""
""	""	""	EPOETIN	"1301125"	""	""	""	""
""	""	""	RECOMBINANT HUMAN ERYTHROPOIETIN	"1301125"	""	""	""	""
""	""	""	ERYTHROPOIETIN (ERYTHROPOIETIN)	"1301125"	""	""	""	""
""	""	""	ERYTHROPOIETIN HUMAN	"1301125"	""	""	""	""
""	""	""	EPOETIN NOS	"1301125"	""	""	""	""
""	""	""	ANTITHYMOCYTE IMMUNOGLOBULIN (RABBIT)	"19003472"	""	""	""	""
""	""	""	ANTI-THYMOCYTE GLOBULIN (RABBIT)/RABBIT ANTI-HUMAN THYMOCYTE IMMUNOGLOBULIN	"19003472"	""	""	""	""
""	""	""	COUMADIN (WARFARIN SODIUM) (UNKNOWN)	"19011033"	""	""	""	""
""	""	""	FOSAMAX (ALENDRONATE SODIUM)	"19011505"	""	""	""	""
""	""	""	RHUPH20/RITUXIMAB	"1314273"	""	""	""	""
""	""	""	CRANBERRY.	"1315027"	""	""	""	""
""	""	""	CRANBERRY	"1315027"	""	""	""	""
""	""	""	CRANBERRY	"1315027"	""	""	""	""
""	""	""	CRANBERRY CONCENTRATE	"1315027"	""	""	""	""
""	""	""	CRANBERRY PILLS	"1315027"	""	""	""	""
""	""	""	MOSAPRIDE CITRATE	"19011339"	""	""	""	""
""	""	""	GASMOTIN (MOSAPRIDE CITRATE)	"19011339"	""	""	""	""
""	""	""	MOSAPRIDE CITRATE HYDRATE	"19011339"	""	""	""	""
""	""	""	HUMALOG LISPRO	"19016116"	""	""	""	""
""	""	""	ALBUTEROL (SALBUTAMOL SULFATE)	"19011931"	""	""	""	""
""	""	""	ALBUTEROL (ALBUTEROL/ALBUTEROL SULFATE)	"19011931"	""	""	""	""
""	""	""	ALBUTEROL (ALBUTEROL ALBUTEROL SULFATE)	"19011931"	""	""	""	""
""	""	""	LIDOCAINE HCL VISCOUS	"19012128"	""	""	""	""
""	""	""	ADALAT CR	"19020153"	""	""	""	""
""	""	""	ANUSOL-HC	"19020360"	""	""	""	""
""	""	""	AUGMENTIN DUO FORTE	"19020435"	""	""	""	""
""	""	""	BACTRIM FORTE	"19020462"	""	""	""	""
""	""	""	EFEXOR XR	"19021626"	""	""	""	""
""	""	""	SLOW FE	"19022690"	""	""	""	""
""	""	""	VALTREX (VALACICLOVIR HYDROCHLORIDE)	"19022912"	""	""	""	""
""	""	""	ZANTAC COOL MINT (TABLETS)	"19023014"	""	""	""	""
""	""	""	AVONEX LYOPHILIZED	"19023492"	""	""	""	""
""	""	""	ZOLOFT (SERTRALINE HYDROCHLORIDE)	"19018258"	""	""	""	""
""	""	""	PLAVIX (CLOPIDOGREL SULFATE)	"19030328"	""	""	""	""
""	""	""	INFLIXIMAB (INFLIXIMAB RECOMBINANT) LYOPHILIZED POWDER	"937368"	""	""	""	""
""	""	""	INFLIXIMAB (INFLIXIMAB RECOMBINANT) LYOPHILIZED POWDER	"937368"	""	""	""	""
""	""	""	COVERSYL PLUS	"19018706"	""	""	""	""
""	""	""	COUMADIN (WARFARIN SODIUM) (UNKNOWN)	"19042260"	""	""	""	""
""	""	""	PANADOL FORTE	"19042334"	""	""	""	""
""	""	""	TYLENOL ES	"19042336"	""	""	""	""
""	""	""	CONCENTRATED MOTRIN INFANTS DROPS	"19042617"	""	""	""	""
""	""	""	ECOTRIN (ACETYLSALICYLIC ACID)	"19042981"	""	""	""	""
""	""	""	COTRIM FORTE	"19043884"	""	""	""	""
""	""	""	COTRIM D.S.	"19043884"	""	""	""	""
""	""	""	DEPO PROVERA	"19044263"	""	""	""	""
""	""	""	PREMPHASE (PREMARIN CYCRIN 14/14)	"19044296"	""	""	""	""
""	""	""	SENOKOT /UNK/	"19044491"	""	""	""	""
""	""	""	LASIX (FUROSEMIDE SODIUM)	"19044738"	""	""	""	""
""	""	""	POTASSIUM PENICILLIN G	"19026560"	""	""	""	""
""	""	""	FOSAMAX (ALENDRONATE SODIUM)	"19026687"	""	""	""	""
""	""	""	PHENAZOPYRIDINE HCL TAB	"19026806"	""	""	""	""
""	""	""	DESOGEN	"19026873"	""	""	""	""
""	""	""	ORBENIN CAP	"19026929"	""	""	""	""
""	""	""	CLARITIN-D-24	"19047282"	""	""	""	""
""	""	""	SOLUMEDROL	"19048391"	""	""	""	""
""	""	""	PROLASTIN-C	"19048572"	""	""	""	""
""	""	""	PROLASTIN?C	"19048572"	""	""	""	""
""	""	""	YEAST	"40161115"	""	""	""	""
""	""	""	ALEVE LIQUID GELS 220 MG	"19053148"	""	""	""	""
""	""	""	ALEVE LIQUID GELS 220MG	"19053148"	""	""	""	""
""	""	""	ALEVE LIQUID GELS	"19053148"	""	""	""	""
""	""	""	ALLEGRA-D 24 HR	"19048920"	""	""	""	""
""	""	""	ATACAND PLUS	"19055329"	""	""	""	""
""	""	""	CALCI CHEW	"19057612"	""	""	""	""
""	""	""	CALTRATE PLUS	"19057757"	""	""	""	""
""	""	""	CALTRATE D	"19057757"	""	""	""	""
""	""	""	CITRACAL PLUS	"19058693"	""	""	""	""
""	""	""	CITRACAL MAXIMUM	"19058693"	""	""	""	""
""	""	""	COSOPT PF	"19059723"	""	""	""	""
""	""	""	DIOVAN D	"19062255"	""	""	""	""
""	""	""	EXCEDRIN EXTRA STRENGTH	"19065004"	""	""	""	""
""	""	""	EXCEDRIN EXTRA STRENGTH TABLETS	"19065004"	""	""	""	""
""	""	""	EXCEDRIN EXTRA STRENGTH	"19065004"	""	""	""	""
""	""	""	EXCEDRIN ES TABS	"19065004"	""	""	""	""
""	""	""	GAS X	"19066594"	""	""	""	""
""	""	""	GENTEAL MODERATE TO SEVERE GEL DROPS	"19050433"	""	""	""	""
""	""	""	KLOR CON	"19070735"	""	""	""	""
""	""	""	METHADON HCL TAB	"19051002"	""	""	""	""
""	""	""	MICRO K	"19073200"	""	""	""	""
""	""	""	NITROQUICK (GLYCERYL TRINITRATE)	"19075226"	""	""	""	""
""	""	""	NORCO (HYDROCODONE BITARTRATE PARACETAMOL)	"19051236"	""	""	""	""
""	""	""	SENNA-S	"19080806"	""	""	""	""
""	""	""	TEARS NATURALE FREE	"40171815"	""	""	""	""
""	""	""	TOPOMAX	"19082966"	""	""	""	""
""	""	""	TYLENOL W/ CODEINE NO.	"19084133"	""	""	""	""
""	""	""	TYLENOL W/ CODEINE	"19084133"	""	""	""	""
""	""	""	TYLENOL W/ CODEINE NO.	"19084133"	""	""	""	""
""	""	""	TYLENOL W/CODEINE NO.	"19084133"	""	""	""	""
""	""	""	VITRON C	"19085493"	""	""	""	""
""	""	""	NITROFURANTOIN MONOHYDRATE	"19052465"	""	""	""	""
""	""	""	VASOTEC RPD	"19087357"	""	""	""	""
""	""	""	THYMOGLOBULINE	"19087946"	""	""	""	""
""	""	""	APLISOL DIAGNOSTIC ANTIGEN	"19088612"	""	""	""	""
""	""	""	SUFENTA PRESERVATIVE FREE	"19088881"	""	""	""	""
""	""	""	VISINE A MULTI-ACTION EYE ALLERGY RELIEF	"19088883"	""	""	""	""
""	""	""	DECADRON /CAN/	"19088949"	""	""	""	""
""	""	""	HEMOFIL M	"19089004"	""	""	""	""
""	""	""	ECHINACEA	"1389112"	""	""	""	""
""	""	""	ECHINACEA	"1389112"	""	""	""	""
""	""	""	IODINE I 131 TOSITUMOMAB	"19054997"	""	""	""	""
""	""	""	LOW MOLECULAR WEIGHT HEPARIN	"19055137"	""	""	""	""
""	""	""	NITROFURANTOIN MONOHYDRATE MACROCRYSTALS	"19055251"	""	""	""	""
""	""	""	NITROFURANTOIN MONOHYDRATE/MACROCRYSTALS	"19055251"	""	""	""	""
""	""	""	FLUCLOXACILLIN SODIUM	"19055332"	""	""	""	""
""	""	""	VENLAFAXINE HCL EXTENDED-RELEASE	"19055713"	""	""	""	""
""	""	""	VALTREX (VALACICLOVIR HYDROCHLORIDE)	"19055727"	""	""	""	""
""	""	""	SAW PALMETTO	"1391307"	""	""	""	""
""	""	""	SAW PALMETTO	"1391307"	""	""	""	""
""	""	""	SERENOA REPENS	"1391307"	""	""	""	""
""	""	""	FEXOFENADINE HCL OTC	"19056244"	""	""	""	""
""	""	""	PROTONIX (PANTOPRAZOLE SODIUM SESQUIHYDRATE)	"19056441"	""	""	""	""
""	""	""	BLACK COHOSH	"1391648"	""	""	""	""
""	""	""	GINKGO BILOBA	"1391889"	""	""	""	""
""	""	""	GINKGO	"1391889"	""	""	""	""
""	""	""	GINGKO BILOBA	"1391889"	""	""	""	""
""	""	""	INSULIN HUMAN	"1596977"	""	""	""	""
""	""	""	HUMAN INSULIN	"1596977"	""	""	""	""
""	""	""	INSULIN HUMAN	"1596977"	""	""	""	""
""	""	""	HUMULIN R U?500	"19097024"	""	""	""	""
""	""	""	VALERIAN ROOT	"1397059"	""	""	""	""
""	""	""	VALERIAN	"1397059"	""	""	""	""
""	""	""	ZINC CHELATE	"19097109"	""	""	""	""
""	""	""	ST JOHNS WORT	"1398039"	""	""	""	""
""	""	""	GINKGO	"19098505"	""	""	""	""
""	""	""	MILK THISTLE	"19066433"	""	""	""	""
""	""	""	MILK THISTLE	"19066433"	""	""	""	""
""	""	""	ACTOS /USA/	"19099206"	""	""	""	""
""	""	""	PROTONIX DR	"19099649"	""	""	""	""
""	""	""	PROTONIX (PANTOPRAZOLE SODIUM SESQUIHYDRATE)	"19099649"	""	""	""	""
""	""	""	TRIMEBUTINE MALEATE	"19068827"	""	""	""	""
""	""	""	GARLIC	"1401437"	""	""	""	""
""	""	""	SENNOSIDE A+B CALCIUM	"19069005"	""	""	""	""
""	""	""	MILK THISTLE	"1304277"	""	""	""	""
""	""	""	SILYBUM MARIANUM	"1304277"	""	""	""	""
""	""	""	NOVORAPID	"19005728"	""	""	""	""
""	""	""	NOVORAPID FLEXPEN	"19005728"	""	""	""	""
""	""	""	NOVORAPID CHU FLEXPEN	"19005728"	""	""	""	""
""	""	""	NOVORAPID PENFILL	"19005728"	""	""	""	""
""	""	""	NOVORAPID (INSULIN ASPART)	"19005728"	""	""	""	""
""	""	""	NOVOLOG (INSULIN ASPART)	"19005728"	""	""	""	""
""	""	""	KELP	"19006855"	""	""	""	""
""	""	""	CINNAMON	"1307310"	""	""	""	""
""	""	""	ADVAIR (SERETIDE)	"19072127"	""	""	""	""
""	""	""	ADVAIR (SERETIDE )	"19072127"	""	""	""	""
""	""	""	HEPARIN SODIUM 5000 UNITS IN DEXTROSE 5%	"19080464"	""	""	""	""
""	""	""	FLAXSEED	"1315342"	""	""	""	""
""	""	""	FLAX SEED	"1315342"	""	""	""	""
""	""	""	ALOE VERA	"1315376"	""	""	""	""
""	""	""	GINSENG	"19017671"	""	""	""	""
""	""	""	SYMBICORT TURBUHALER	"19019100"	""	""	""	""
""	""	""	ZELMAC / HTF 919A	"19026177"	""	""	""	""
""	""	""	ABILIFY TABS	"19031636"	""	""	""	""
""	""	""	ABILIFY TABS 5 MG	"19031636"	""	""	""	""
""	""	""	ABILIFY TABS 10 MG	"19031636"	""	""	""	""
""	""	""	FORTEO PEN (FORTEO PEN) PEN DISPOSABLE	"19032980"	""	""	""	""
""	""	""	FORTEO PEN (FORTEO PEN) PEN DISPOSABLE	"19032980"	""	""	""	""
""	""	""	MUCINEX ER	"19033586"	""	""	""	""
""	""	""	ZYRTEC-D ALLERGY AND CONGESTION	"19035098"	""	""	""	""
""	""	""	HUMIRA 40 MG/0.8 ML PEN	"19035221"	""	""	""	""
""	""	""	HUMIRA 40 MG/ 0.8 ML PRE-FILLED SYRINGE	"19035221"	""	""	""	""
""	""	""	ERBITUX SOLN FOR INF 5MG/ML	"19035900"	""	""	""	""
""	""	""	CENTYL MED KALIUMKLORID	"19101478"	""	""	""	""
""	""	""	TIOTROPIUM-BROMIDE	"19102097"	""	""	""	""
""	""	""	INSULIN GLULISINE	"1544838"	""	""	""	""
""	""	""	ORTHO CYCLEN-28	"19103191"	""	""	""	""
""	""	""	GAMUNEX-C	"19058058"	""	""	""	""
""	""	""	GAMUNEX?C	"19058058"	""	""	""	""
""	""	""	VICTOZA (LIRAGLUTIDE) SOLUTION FOR INJECTION 6MG/ML	"40170911"	""	""	""	""
""	""	""	VICTOZA (LIRAGLUTIDE) SOLUTION FOR INJECTION 6 MG/ML	"40170911"	""	""	""	""
""	""	""	LORCET-HD	"19061718"	""	""	""	""
""	""	""	FLEBOGAMMA DIF	"19070889"	""	""	""	""
""	""	""	ARALAST NP	"19071343"	""	""	""	""
""	""	""	K PHOS NEUTRAL	"19071372"	""	""	""	""
""	""	""	REMINYL ER	"19079447"	""	""	""	""
""	""	""	REMINYL LP	"19079447"	""	""	""	""
""	""	""	MUCINEX D MAXIMUM STRENGTH	"19082647"	""	""	""	""
""	""	""	MUCINEX DM MAXIMUM STRENGTH	"19082650"	""	""	""	""
""	""	""	BYETTA PEN DISPOSABLE	"19083252"	""	""	""	""
""	""	""	SYSTANE LUBRICANT	"19083709"	""	""	""	""
""	""	""	SYSTANE PF	"19083709"	""	""	""	""
""	""	""	APIDRA SOLOSTAR	"19084603"	""	""	""	""
""	""	""	ORENCIA FOR INJ 250 MG/VIAL	"19086310"	""	""	""	""
""	""	""	BENEFIBER W/ WHEAT DEXTRIN	"40171826"	""	""	""	""
""	""	""	BENEFIBER W/ WHEAT DEXTRIN	"40171685"	""	""	""	""
""	""	""	CORICIDIN HBP CHEST CONGESTION AND COUGH	"19009703"	""	""	""	""
""	""	""	CERTOLIZUMAB	"912263"	""	""	""	""
""	""	""	LIDOCAINE HYDROCHLORIDE 2% WITH EPINEPHRINE 1:100000 INJECTION	"19020906"	""	""	""	""
""	""	""	COMBIGAN[R]	"19020934"	""	""	""	""
""	""	""	NORDETTE-28	"19127919"	""	""	""	""
""	""	""	Z-PAK	"19128124"	""	""	""	""
""	""	""	TETANUS VACCINE	"529411"	""	""	""	""
""	""	""	TETANUS TOXOID ADSORBED (VACCINE)	"529411"	""	""	""	""
""	""	""	DIANEAL PD-2 W/ DEXTROSE 4.25%	"19030562"	""	""	""	""
""	""	""	DIANEAL PD-2 W/ DEXTROSE 2.5%	"19030566"	""	""	""	""
""	""	""	DIANEAL PD-2 PERITONEAL DIALYSIS SOLUTION WITH 2.5% DEXTROSE ^BAXTER^	"19030566"	""	""	""	""
""	""	""	DIANEAL PD-2 W/ DEXTROSE 1.5%	"19030568"	""	""	""	""
""	""	""	DIANEAL PD-2 PERITONEAL DIALYSIS SOLUTION WITH 1.5% DEXTROSE ^BAXTER^	"19030568"	""	""	""	""
""	""	""	DIANEAL LOW CALCIUM W/ DEXTROSE 1.5%	"19030570"	""	""	""	""
""	""	""	DIANEAL LOW CALCIUM WITH DEXTROSE 4.25% AND CALCIUM 2.5MEQ/L	"19030592"	""	""	""	""
""	""	""	DIANEAL LOW CALCIUM WITH 2.5 PERCENT W/V GLUCOSE PERITONEAL DIALYSIS S	"19030664"	""	""	""	""
""	""	""	COLGATE TOTAL ADVANCED WHITENING	"19131170"	""	""	""	""
""	""	""	COLGATE TOTAL ADVANCE WHITENING	"19131170"	""	""	""	""
""	""	""	CO Q10	"19131388"	""	""	""	""
""	""	""	COQ10	"19131388"	""	""	""	""
""	""	""	ANTIHEMOPHILIC FACTOR (HUMAN)	"1343086"	""	""	""	""
""	""	""	ALIGN PROBIOTIC	"19043426"	""	""	""	""
""	""	""	ROBITUSSIN COUGH AND CHEST CONGESTION DM	"19043760"	""	""	""	""
""	""	""	HUMAN SERUM ALBUMIN	"1344143"	""	""	""	""
""	""	""	EPIDUO FORTE	"19044560"	""	""	""	""
""	""	""	ALEVE-D SINUS + COLD	"19048462"	""	""	""	""
""	""	""	GAVILYTE G	"40163779"	""	""	""	""
""	""	""	TOPROL XL TABLETS	"40167362"	""	""	""	""
""	""	""	VICTOZA (LIRAGLUTIDE) SOLUTION FOR INJECTION 6MG/ML	"40170305"	""	""	""	""
""	""	""	VICTOZA (LIRAGLUTIDE) SOLUTION FOR INJECTION 6 MG/ML	"40170305"	""	""	""	""
""	""	""	FLAXSEED	"40172135"	""	""	""	""
""	""	""	FLAX SEED	"40172135"	""	""	""	""
""	""	""	DEXILANT DR	"40173364"	""	""	""	""
""	""	""	FEIBA VH IMMUNO	"40175998"	""	""	""	""
""	""	""	PROACTIV MD DEEP CLEANSING FACE WASH	"40230134"	""	""	""	""
""	""	""	PROACTIV MD DAILY OIL CONTROL SPF 30	"40230134"	""	""	""	""
""	""	""	PROACTIV SOLUTION DAILY PROTECTION PLUS SUNSCREEN SPF 30	"40230134"	""	""	""	""
""	""	""	PROACTIV MD BALANCING TONER	"40230134"	""	""	""	""
""	""	""	PROACTIV GREEN TEA MOISTURIZER	"40230134"	""	""	""	""
""	""	""	PROACTIV MOISTURE REPAIR	"40230134"	""	""	""	""
""	""	""	PROACTIV EYE BRIGHTENING SERUM	"40230134"	""	""	""	""
""	""	""	VITAMIN E (TOCOPHERYL ACETATE)	"46274203"	""	""	""	""
""	""	""	TOCOPHERYL ACETATE	"46274203"	""	""	""	""
""	""	""	CURCUMA LONGA	"40241181"	""	""	""	""
""	""	""	TOCOPHEROL CONCENTRATE CAP	"42709318"	""	""	""	""
""	""	""	BYDUREON 2MG VIAL + SYRINGE	"42705841"	""	""	""	""
""	""	""	FOLATE SODIUM	"46274283"	""	""	""	""
""	""	""	HUMAN IMMUNOGLOBULIN HYALURONIDASE	"46274285"	""	""	""	""
""	""	""	ALOE VERA	"42900341"	""	""	""	""
""	""	""	OSTEO-BI-FLEX	"42899593"	""	""	""	""
""	""	""	"5-HTP"	"42903611"	""	""	""	""
""	""	""	SANDO K	"42903961"	""	""	""	""
""	""	""	SANDO-K	"42903961"	""	""	""	""
""	""	""	TEPRENONE	"43012210"	""	""	""	""
""	""	""	SODIUM GUALENATE	"43012991"	""	""	""	""
""	""	""	KOMBIGLYZE XR	"43525516"	""	""	""	""
""	""	""	JANUMET XR	"43525524"	""	""	""	""
""	""	""	HUMULIN NPH	"43525530"	""	""	""	""
""	""	""	HUMULIN REGULAR	"43525530"	""	""	""	""
""	""	""	RADIUM-223 DICHLORIDE	"43526934"	""	""	""	""
""	""	""	RADIUM RA 223 DICHLORIDE	"43526934"	""	""	""	""
""	""	""	POLYETHYLENE	"43532411"	""	""	""	""
""	""	""	IMODIUM MULTI?SYMPTOM RELIEF	"43531969"	""	""	""	""
""	""	""	CORICIDIN HBP COLD AND FLU	"44506409"	""	""	""	""
""	""	""	RED YEAST	"44507650"	""	""	""	""
""	""	""	ANORO ELLIPTA	"44785563"	""	""	""	""
""	""	""	TARGINIQ ER	"45775130"	""	""	""	""
""	""	""	XIGDUO XR	"45775387"	""	""	""	""
""	""	""	VIEKIRA PAK	"45892214"	""	""	""	""
""	""	""	NORADRENALIN	"46275087"	""	""	""	""
""	""	""	PROTHROMBIN COMPLEX CONCENTRATE NOS	"35602783"	""	""	""	""
""	""	""	BEVESPI AEROSPHERE	"42629524"	""	""	""	""
""	""	""	SAW PALMETTO	"36249258"	""	""	""	""
""	""	""	SERENOA REPENS	"36249258"	""	""	""	""
""	""	""	SOLIQUA 100/33	"1718600"	""	""	""	""
""	""	""	XULTOPHY 100/3.6	"1718707"	""	""	""	""
